-- phpMyAdmin SQL Dump
-- version 5.2.1
-- https://www.phpmyadmin.net/
--
-- Host: 127.0.0.1
-- Generation Time: Nov 26, 2024 at 11:31 AM
-- Server version: 10.4.32-MariaDB
-- PHP Version: 8.2.12

SET SQL_MODE = "NO_AUTO_VALUE_ON_ZERO";
START TRANSACTION;
SET time_zone = "+00:00";


/*!40101 SET @OLD_CHARACTER_SET_CLIENT=@@CHARACTER_SET_CLIENT */;
/*!40101 SET @OLD_CHARACTER_SET_RESULTS=@@CHARACTER_SET_RESULTS */;
/*!40101 SET @OLD_COLLATION_CONNECTION=@@COLLATION_CONNECTION */;
/*!40101 SET NAMES utf8mb4 */;

--
-- Database: `web1`
--

-- --------------------------------------------------------

--
-- Table structure for table `bids`
--

CREATE TABLE `bids` (
  `id` int(11) NOT NULL,
  `produto_id` int(11) NOT NULL,
  `user_id` int(11) NOT NULL,
  `valor` float NOT NULL,
  `licitado_a` timestamp NOT NULL DEFAULT current_timestamp()
) ENGINE=InnoDB DEFAULT CHARSET=utf8mb4 COLLATE=utf8mb4_general_ci;

--
-- Dumping data for table `bids`
--

INSERT INTO `bids` (`id`, `produto_id`, `user_id`, `valor`, `licitado_a`) VALUES
(1, 34, 1, 4443, '2024-11-26 10:23:17'),
(2, 34, 1, 343434000, '2024-11-26 10:25:25'),
(3, 35, 1, 201, '2024-11-26 10:25:50'),
(4, 32, 1, 30.5, '2024-11-26 10:28:32'),
(5, 32, 1, 30.6, '2024-11-26 10:28:44');

-- --------------------------------------------------------

--
-- Table structure for table `produto`
--

CREATE TABLE `produto` (
  `id` int(11) NOT NULL,
  `user_id` int(11) NOT NULL,
  `titulo` varchar(30) NOT NULL,
  `descricao` text NOT NULL,
  `preco` float NOT NULL,
  `imagem` varchar(80) DEFAULT NULL
) ENGINE=InnoDB DEFAULT CHARSET=latin1 COLLATE=latin1_bin;

--
-- Dumping data for table `produto`
--

INSERT INTO `produto` (`id`, `user_id`, `titulo`, `descricao`, `preco`, `imagem`) VALUES
(32, 1, 'Produto 1', 'Produto teste, depois de apagar os outros todos', 30.5, NULL),
(33, 1, 'Carro bacano', 'Carro muito bom', 500000, NULL),
(34, 13, 'Carro bem podre', 'Carro não vale grande coisa', 100.5, NULL),
(35, 2, 'Peruca Usada', 'Peruca Já usada no halloween', 200, NULL),
(36, 2, 'Carro ok', 'Carro esteve presente num acidente LIGEIRO e ficou traumatizado', 2000, NULL),
(37, 12, 'Crocodilo barato', 'Crocodilo proveniente de fontes fidedignas', 70, NULL);

-- --------------------------------------------------------

--
-- Table structure for table `produto_imagens`
--

CREATE TABLE `produto_imagens` (
  `id` int(11) NOT NULL,
  `produto_id` int(11) NOT NULL,
  `image_path` varchar(255) NOT NULL
) ENGINE=InnoDB DEFAULT CHARSET=latin1 COLLATE=latin1_bin;

--
-- Dumping data for table `produto_imagens`
--

INSERT INTO `produto_imagens` (`id`, `produto_id`, `image_path`) VALUES
(24, 32, 'imgs/Kookaburra-best.jpeg'),
(25, 32, 'imgs/2810-Crocodilo-gigante-layout_site.png'),
(26, 33, 'imgs/a67484147bae5b62c7b522653ee14229-1-600x630.jpg'),
(27, 34, 'imgs/dsc_5073.png'),
(28, 35, 'imgs/peruca-70-s-homem.jpg'),
(29, 36, 'imgs/honda_civic_1995_honda_civic_vtec_1_5i_ls_900_euro_7390126691242405423.jpg'),
(30, 36, 'imgs/465541280_10226387419460389_8685852876173240736_n.jpg'),
(31, 37, 'imgs/2810-Crocodilo-gigante-layout_site.png');

-- --------------------------------------------------------

--
-- Table structure for table `users`
--

CREATE TABLE `users` (
  `id` int(11) NOT NULL,
  `username` varchar(30) NOT NULL,
  `password` varchar(78) NOT NULL,
  `email` varchar(30) NOT NULL,
  `imagem` varchar(255) DEFAULT '/opt/lampp/htdocs/projeto/imgs/icons/account_circle.svg',
  `localidade` varchar(255) DEFAULT NULL,
  `cidade` varchar(150) DEFAULT NULL,
  `cp` varchar(7) DEFAULT NULL,
  `telemovel` int(16) DEFAULT NULL,
  `biografia` text DEFAULT NULL,
  `data` date NOT NULL DEFAULT current_timestamp()
) ENGINE=InnoDB DEFAULT CHARSET=latin1 COLLATE=latin1_bin;

--
-- Dumping data for table `users`
--

INSERT INTO `users` (`id`, `username`, `password`, `email`, `imagem`, `localidade`, `cidade`, `cp`, `telemovel`, `biografia`, `data`) VALUES
(1, 'Saul', '$2y$10$gcDnaR3v/pE54FLYlzDQ8.JuwhLjQQEFEzVmm4i0CErOnXX8JypUu', 'saul_marques10@hotmail.com', '/opt/lampp/htdocs/projeto/imgs/icons/account_circle.svg', 'Casais do Campo', 'Coimbra', '3045383', 926382343, 'Teste se mudou', '2024-11-12'),
(2, 'Henrique', '$2y$10$zuZA/4LXwtyExEwCxnZOLevb1a8uBJPAftlmNQg.ra0VOy83oY8m6', 'henrique@example.com', '/opt/lampp/htdocs/projeto/imgs/icons/account_circle.svg', NULL, NULL, NULL, NULL, 'Olá, sou o Henrique ', '2024-11-12'),
(7, 'Aleijado', '$2y$10$6gCSF96YLafzq45zn25ptux4/vb/R5dUfmdHw6Bue2.VTpdeDGkpG', 'aleijado@email.com', '/opt/lampp/htdocs/projeto/imgs/icons/account_circle.svg', NULL, NULL, NULL, NULL, NULL, '2024-11-12'),
(9, 'becas', '$2y$10$TE.aRvUHcvuD4Ko3KVVksuWvVGp7K04j/GQDRStqTqh0EkcU61GCK', 'gajaqueamaosaul@gmail.com', '/opt/lampp/htdocs/projeto/imgs/icons/account_circle.svg', NULL, NULL, NULL, NULL, NULL, '2024-11-12'),
(10, 'Vicente', '$2y$10$CmnENrM2jS5axk.v2t33p.G/adOe9nKZuQ.9WTBXPQKmtMreqZtGG', 'vicente@gmail.com', '/opt/lampp/htdocs/projeto/imgs/icons/account_circle.svg', NULL, NULL, NULL, NULL, NULL, '2024-11-12'),
(11, 'Vicente Rizza', '$2y$10$iWkE82x7RF91zlHjZXNNTuLgxr9wdH0iB1LgPoeqUssPHunS6jGv.', 'vicentedarizz@gmail.com', '/opt/lampp/htdocs/projeto/imgs/icons/account_circle.svg', NULL, NULL, NULL, NULL, NULL, '2024-11-12'),
(12, 'Pedro Moreira', '$2y$10$WZwyCsedl5.gl/tdgSE2memc3VHiuEPCmFqvV58hWpo9FpJ4qaMIC', 'pedromoreira@gay.com', '/opt/lampp/htdocs/projeto/imgs/icons/account_circle.svg', NULL, NULL, NULL, NULL, NULL, '2024-11-12'),
(13, 'Pedro Santos', '$2y$10$2i1vZ85FK8p91s7yXYcCJezUPjvGPB6XbaUS1wVN38w.q7Un2eHZ6', 'aleijado@gmail.com', '/opt/lampp/htdocs/projeto/imgs/icons/account_circle.svg', NULL, NULL, NULL, NULL, NULL, '2024-11-25');

--
-- Indexes for dumped tables
--

--
-- Indexes for table `bids`
--
ALTER TABLE `bids`
  ADD PRIMARY KEY (`id`),
  ADD KEY `produto_id` (`produto_id`),
  ADD KEY `user_id` (`user_id`);

--
-- Indexes for table `produto`
--
ALTER TABLE `produto`
  ADD PRIMARY KEY (`id`),
  ADD KEY `fk_user` (`user_id`);

--
-- Indexes for table `produto_imagens`
--
ALTER TABLE `produto_imagens`
  ADD PRIMARY KEY (`id`),
  ADD KEY `fk_produto` (`produto_id`);

--
-- Indexes for table `users`
--
ALTER TABLE `users`
  ADD PRIMARY KEY (`id`);

--
-- AUTO_INCREMENT for dumped tables
--

--
-- AUTO_INCREMENT for table `bids`
--
ALTER TABLE `bids`
  MODIFY `id` int(11) NOT NULL AUTO_INCREMENT, AUTO_INCREMENT=6;

--
-- AUTO_INCREMENT for table `produto`
--
ALTER TABLE `produto`
  MODIFY `id` int(11) NOT NULL AUTO_INCREMENT, AUTO_INCREMENT=38;

--
-- AUTO_INCREMENT for table `produto_imagens`
--
ALTER TABLE `produto_imagens`
  MODIFY `id` int(11) NOT NULL AUTO_INCREMENT, AUTO_INCREMENT=32;

--
-- AUTO_INCREMENT for table `users`
--
ALTER TABLE `users`
  MODIFY `id` int(11) NOT NULL AUTO_INCREMENT, AUTO_INCREMENT=14;

--
-- Constraints for dumped tables
--

--
-- Constraints for table `bids`
--
ALTER TABLE `bids`
  ADD CONSTRAINT `bids_ibfk_1` FOREIGN KEY (`produto_id`) REFERENCES `produto` (`id`) ON DELETE CASCADE,
  ADD CONSTRAINT `bids_ibfk_2` FOREIGN KEY (`user_id`) REFERENCES `users` (`id`) ON DELETE CASCADE;

--
-- Constraints for table `produto`
--
ALTER TABLE `produto`
  ADD CONSTRAINT `fk_user` FOREIGN KEY (`user_id`) REFERENCES `users` (`id`) ON DELETE CASCADE;

--
-- Constraints for table `produto_imagens`
--
ALTER TABLE `produto_imagens`
  ADD CONSTRAINT `fk_produto` FOREIGN KEY (`produto_id`) REFERENCES `produto` (`id`) ON DELETE CASCADE;
COMMIT;

/*!40101 SET CHARACTER_SET_CLIENT=@OLD_CHARACTER_SET_CLIENT */;
/*!40101 SET CHARACTER_SET_RESULTS=@OLD_CHARACTER_SET_RESULTS */;
/*!40101 SET COLLATION_CONNECTION=@OLD_COLLATION_CONNECTION */;
